별점,날짜,리뷰
1.0,2026.07.18.,성수동 놀러온 외국 여행객이 이거 먹고 한국 감자탕 맛이 이럴거라 생각할까봐 정말 안타깝다.
2.0,2026.06.19.,"이번에 방문했을때 맛이 다름
고기가 개퍽퍽하고 으 제 입맛엔 좀
2024년도랑 현재 비교해보..."
3.0,2026.06.15.,"그냥감자탕....
고기는크고국물맛있
김치보단깍두기..."
1.0,2026.06.10.,"WORST FOOD EXPERIENCE I HAVE EVER HAD  
(PLEASE DON'T GO IT'S NOT EVEN WORTH 1,000 WON)
At first, I expected the food to be delicious because there is always a long..."
2.0,2026.05.31.,"슴슴한 맛
ㅍㅎㅌㅊ"
2.0,2026.05.31.,"고기는 부드럽고 나쁘지 않았으나 반찬 재사용해서 별로임
오이에 고춧가루 붙어있음"
1.0,2026.05.28.,"성수 주민으로 가끔이용하던 가게인데요

전에 먹었을땐 고기가 괜찮았었는데 이번엔 먹으면서도 고기 상태가 예전과 다르..."
4.0,2026.05.25.,웨이팅 없어서 들어가봤는데 살코기가 부드럽고 음식이 빨리 나와서 좋았음!! 그냥 평범한 감자탕임… 당연히 맛없없 시래기나 위생 생각하면 일반 동네 감자탕집이 더 나은듯
3.0,2026.05.16.,"양 대비 가격 괜찮은듯
맛집정도로 맛있진 않음 평범무난
직원분들 친절하심"
4.0,2026.05.13.,"생각보다 웨이팅이 빨리 빠짐.
맛은 무난합니다! 굳이 이거먹으려고 멀리서 찾아올 정돈 절대 아님"
4.0,2026.05.02.,"맛있는 감자탕 부류이긴 하지만… (살코기가 매우 부드럽)
웨이팅 긴 것 대비 엄청나게 무언가 특별한 다른 밋이 있는 것은 아니었음.
한번 가봤으니 충분…"
1.0,2026.04.07.,"아..인별에서 맛집이러고 떳길래 감자탕 땡겨서 갔는데
웨이팅 20~30분 정도 후에 들어감

감칠맛나고 깊은 국..."
4.0,2026.04.05.,"팩트체크
“ 성수에서 보장된 감자탕 맛집을 찾는다면 ”

꽤나 유명한 곳입니다. 창업 시점부터 계산해 보니 대략 50년 가까이 ..."
1.0,2026.03.20.,"위생이 너무..

내가 먹은 감자탕 중에 제일 별..."
3.0,2026.03.13.,고기가 야들야들하니 맛있어요!
5.0,2026.03.07.,소문난감자🥔
4.0,2026.03.02.,"아구힘 센 분이라면 뼈해장국 추천. 저는 뜯다가 국물이 좀 식었는데 음식이 식으면서 누린내가 꽤 났습니다.
우거지도 많이 주문하시던데 우거..."
4.0,2026.02.21.,"!! 인원별로 주문해야합니다 !!
4인이서 가서 대자 (49000원)로 시켰어요
사람이 많아서 그런가 직원분들이 조금 불친절 하셔서 1점 뺐어요 ㅠ ..."
2.0,2026.02.07.,"소문난 걸로 소문난 곳,, 평일낮에 웨이팅 없이 들어가서 2점 주는거지 웨이팅하고 들어갔으면 1점줬을듯"
2.0,2026.02.02.,"그냥 관광명소가 된 느낌… 외국인, 내국인할거 없이 사람도 엄청 많아서 시끄럽고 정신없어요
맛은 슴슴한데.. 내가 아는 그 감칠맛나고 진한 그런 감자탕맛이 아니라서 실망💦"
1.0,2026.01.27.,별로입니다
3.0,2026.01.20.,생각보다 웨이팅도 빨리 빠지고 맛 괜찮아용
1.0,2026.01.10.,"저희 웨이팅 하고 들어갔는데, 먹는 중에 쫓겨났어요
계속 뭐 더 시킬거냐고 물어보길래 수제비도 먹고 잘 먹고 있는데 결국에 좀 반찬 정리 도와줄까요? 라규 해서 찬만 정리..."
5.0,2026.01.06.,직원분들 너무 친절하시고 유명한만큼 너무 맛있었어요
4.0,2026.01.04.,1/1 공휴일 저녁 10시쯤 방문했는데 사람 많았어요. 다행히 사람 빠져서 바로 별관으로 안내 받았음!...
5.0,2025.12.31.,"웨이팅 없이 혼밥했어요!
고기 부드럽고 우거지 양 많고 국물 너무 자극적이지도 슴슴하지도 않은 맛이었습니다! 맛있게 잘 먹었어요👍🏻"
3.0,2025.12.11.,"그냥 적당히 맛있어요
뼈 하나 빼곤 전부 잘 발렸고 잡내 안나고 부드러워요
고기 찍먹장 맛있었음
국물..."
3.0,2025.11.06.,"뼛가루 너무 많음
그리고 덜삶음"
2.0,2025.11.02.,인원수대로 주문해야됨 음식이 전체적으로 달다 탕 김치 소스 다.. 고기는 진짜 부드러움 근데 줄 서서 먹을 이유 없음
1.0,2025.10.19.,"그냥 평범한 감자탕 맛.
내부에 벌레 엄청 많음. 밥먹다 같이 온 사람 몸에 거미 떨어짐. 천장에 거미 엄청 많음."
3.0,2025.10.16.,"감자탕 소자에 시래기추가해서 먹었습니다
시래기 추가하니 넉넉히 대접에 나와서 좋네요. 
7여년 전부터 꾸준히 다녔는데 점점 확장되고 외국인 손님들이..."
4.0,2025.10.09.,"정신 없지만, 그냥 맛은 우리 머릿속 깊이 박힌 감자탕 맛이다. 따뜻한 국물 땡길 때, 종종 포장해오는 집."
1.0,2025.10.06.,시끄럽고 맛없음 전쟁히면서 총성소리들으면서 밥먹는장소 ㅋㅋ
1.0,2025.09.20.,"😡진짜 이런 식으로 장사 하지 마세요😡

항상 성수가면 사람이 줄지어 서있길래 궁금해서 한번 줄 서봤어요..."
3.0,2025.09.18.,"맛 편차가 왜이렇게 심한가요?!
저번에 맛있게 먹어서 재방문했는데, 뼈랑 살이랑 사이가 너무 좋네요..."
5.0,2025.09.17.,"2년 동안 세 번 갔는데 항상 편차 없이 맛있어요.
근데 맛이 특색이 있어서 라기보다는 국물이 맑아서 잘 들어가고 고기도 부드러워서 부담없이 가고싶어서인 거 같습니다"
3.0,2025.09.09.,"“ 굳이 줄서서 먹을 필요는 없다 ”

혼밥하면 줄 덜 기다린다고 봤는데 혼밥석 5좌석 중 자리가 나야지..."
1.0,2025.08.28.,"정신도 없고 추운데 번호표도 없이 의자에서 주구장창 기다림
금방 빠지긴 하는데... 소문에 비해, 기다린 거에 비해 생각보다 별로여서 천천히 먹고 있는데 다 드신거죠? 치울게요? 다 드신거아니에요? 진짜 옆테이블..."
1.0,2025.08.28.,"서울 여행가서 유명하다길래 먹어봤는데 별로..
웨이팅은 거의 없었고 바로 들어갔으나 너무 정산없는 내부로 직원분들께 메뉴를 몇번이나 주문해야했..."
5.0,2025.08.19.,"평일 5시에 가서 웨이팅 없이 먹음
바빠서 친절한 느낌은 없어도 불친절한 느낌 또한 없다
맛있고 반찬들도 맛있고 또 먹을만합니당"
4.0,2025.08.17.,별관으로 가서 웨이팅없이 먹었어요 맛있긴 한데 웨이팅할 정도는 아닌거 같았어요 응대나 서비스는 불친절하다고 느낀건 딱히 없음
2.0,2025.08.15.,그냥 일반 감자탕이랑 비슷한데 저희집 동네가게가 더 맛있다 바로 나와서 국물 먹어봤는데 너무 짰던…. 들어가자마자 뭐 시키거거냐고 제촉하고 테이블도 깨끗하지는 않었던
3.0,2025.08.03.,"성동구 성수동
평점 : 3.3
무난해요. 웨이팅이 항상 길던데 평일 5시쯤 가니 자리가 있어 바로 앉았습니다. 밥집이라기보다는..."
3.0,2025.08.03.,"무난한맛
웨이팅은 ㄴㄴ
가격이 많..."
3.0,2025.07.28.,"감자탕 말고 뚝배기로 먹어보았다 양은 많았음
유명한 감자탕집 맛은 고냥 감자탕맛 특별함은 없다!
그렇다고..."
1.0,2025.07.27.,"진짜..... 사람 줄 완전 길던 곳이라 기대하고 갔는데
세상에 제가 먹은 감자탕중 제일 별로였어요
뼈가..."
5.0,2025.07.20.,바쁜데도 친절하시고 맛도 괜찮았어요.
4.0,2025.07.06.,혼자가면.웨이팅두 없고 좋네요 ㅎ 우거지는 좀 많이짠데 고기가 간이 삼삼해서 좋았어요. 저는 간이 더 덜됐으면좋겠어요~ 직원 아주머니들도.친절하시고 메뉴도.1분만에 나와서 최고입니다. 위생이 그닥이라 4점인데 전 재방문의사.있어요(웨이팅있으면 x)
4.0,2025.07.05.,몇 년 전 서울 성수동에서 처음 식사를 여기서 했습니다. 그때도 부산에서 올라와 완전 새벽에 식사를 했었는데요. 카맵 평점과는 달리 맛있어서 놀랐습니다. 이번에 또 방문했어요. 웨이팅은 여전히 있더라고요....
5.0,2025.06.23.,"첫 한입은 굳이
줄을 서야하나엿지만 먹으면 먹을수록 이뤃게 유명한데는 이유가잇구나 납득이 됨
생각보다 싸고 맛이 조미료없는..."
1.0,2025.05.30.,왜 유명한거지?? 고기 질김 ㅜ 다이어트 용 개노맛 닭가슴살 먹는 느낌 ㅠ 아쉬워라 아쉬워
1.0,2025.05.25.,"감자탕 고기가 너무 퍽퍽해요... 
안에 나물도 거의 없고
볶음밥은 김가..."
1.0,2025.05.23.,"입장하자마자 처음이라 메뉴판 벽지에 붙은거 보려는데
주문뭐하실거냐고 물여보셔서 메뉴좀 보고 말씀드리겠다 했는데
3초만..."
1.0,2025.05.04.,"여기는 관광객 상대로 장사하는 곳으로 변한것 같네요.
20년 전에 와보고 오늘 성수에 약속있어 왔는데 많이 변했네요.
가격은 비싸고 뼈에 살이 별로 없고 우거지는 ..."
3.0,2025.04.07.,"볶음밥 맛있음
위생 좀 별로인듯 그리고 전체적으로 너무 짜요
소스도 짜고.."
1.0,2025.04.01.,"일단 맛이 없음 양은 많음 불청결 불친절
바쁘지도 않은시간에 조선족 아줌마들 싸갈쓰가 바갈쓰에요~
줄..."
4.0,2025.03.29.,근처올일이 있어 들렸는데 역시 맛있네요. 우거지곱배기 양 정말 많습니다. 일반만 시키셔도 충분합니다. 자주 못올거 같아 우거지곱배기 시켰는데 다음에 오면 일반 시킬듯요. 그리고 뚝배기 받침없이 가져다 주셔서 설마했는데...
2.0,2025.03.16.,별관은 본관보다 신경을 안쓰시는건지 바쁜건 알겠는데 너무 불친절하세요ㅠㅠ 맛도 그냥그런..
3.0,2025.02.26.,"내 취향이랑은 거리가 먼 감자탕인데(국물에 깊은 맛이 없음),, 본의아니게 지금까지 한 10번은 온듯

대충 말하자면, 국물이 깊진 않고 맑..."
3.0,2025.02.26.,"많이 안짜서 좋은것같음 주차가능 
괜찮"
4.0,2025.02.16.,"기대한 정도의 감자탕
상당히 맛있던 수제비
기대 이상의 친절함"
5.0,2025.02.15.,"💕서울 감자탕 맛집 1위:: 2025.02 최신 내돈내산 솔직후기💕

✔️웨이팅: 주말 저녁 6시 30분쯤 방문, 40분정도 서서 대기 (캐치테이블X 테이블링X 번호표X 예약X 일행다와야 입장가능, ..."
2.0,2024.12.31.,"맛 평범함 고기가 크고 부드럽긴 하지만 줄서서 갈집은 아님 볶음밥 별루 ㅎㅎ 
일단 공장식 운영인듯 직원 주문미스 많음"
5.0,2024.12.25.,"술만마시면 막차로 꼭 가는ㄱ곳!
수제비 사리가 진짜 맛있아요"
4.0,2024.12.22.,"일요일 21시반에 방문했는데도 15분 정도 웨이팅...
고기가 아주 질이 좋아요~.소문날 정도 ㅇㅈ"
3.0,2024.12.19.,기대했던것보단 평범했고 자극적인 맛이 아닌 구수한 스타일의 옛날 감자탕 맛이에요. 저는 평일 점심 기준으로 30분 정도 웨이팅했는데 회전율이 꽤 좋은편이라 줄이 금방 줄더라구요. 30분 기다려서 먹기엔 괜찮았는데 그 이...
1.0,2024.12.18.,"평범한 감자탕에 못미치는 맛이라고 생각함.
직원들 인성에 문제있음."
1.0,2024.12.05.,1년전에 맛있었던 기억으로 다시 방문했는데 기다리는 줄도 줄어들고 부드러웠던 고기가 퍽퍽해져있고 맛있었던 깍두기가 맛없어졌습니다 그냥 동네 감자탕집가는게 나을수준으로 바뀌었습니다 시끄럽기만하고 벨눌러도 오지도않습니다
5.0,2024.11.29.,감자탕이 다 똑같지 하면서 걍 웨이팅 해봤는데 일단 맛있었음 음식도 빨리 나오고 일하는 직원분들도 많아 필요한거 바로바로 갖다줘서 손님많아도 괜찮았음 외국인 엄청 많음 국물이 계속 술술 들어가는맛 ...
1.0,2024.10.21.,"불친절 위생 안 좋음
과잉친절은 바라지 않으나, 손님에게 화내고 가르치려고 하심. 상당히 기분파이신듯.
혼자 다시 기분 좋아지시니 안 혼내심 ㄷ ㄷ 
(점..."
5.0,2024.10.20.,맛있어요 국물도 리필해주시고 수제비도 찐손수제비로 넣어주시고 볶음밥 별로 들어간 것 없는 것 같은데 맛있어요! 일하시는분 바빠서 그렇지 친절하시구 재미있으세요!!! 생각보다 줄이 금방 줄어들어서 20분정도 웨이팅했어요! 주말 낮4시반 방문 기준이었습니다!!
2.0,2024.10.16.,대기줄에 비해 평범한 감자탕 맛입니다. 착석과 동시에 음식이 나와서 신기했어요. 식당 내부가 엄청 정신없어서 편하게 식사하진 못했습니다.
2.0,2024.10.14.,"국물은 깔끔하고 맛있어요.
고기는 질기고 살도 많이 안 붙어서 먹기 힘들어요
그렇다고 맛있지도 않아요.
볶음밥 먹는 테이블에서 나는 참기름 냄새가 좋았는데 배불러서 ..."
5.0,2024.09.17.,올해 추석 푸드는 너닷! 🥔!!
2.0,2024.09.13.,깻잎이 많을 뿐 그닥 맛있지 않음
3.0,2024.09.13.,고기는 실해요ㅎㅎ특별한 맛은 아닌듯
2.0,2024.08.11.,"매번 웨이팅이 엄청 길어서 너무궁금했는데, 생각보다 평범한 맛이라서 놀랬음. 그냥 감자탕 맛!"
3.0,2024.07.20.,한번 꼭 가보고싶었던 감자탕집.. 그치만 긴 웨이팅을 기다리면서까지 먹을만한 곳은 아니다. 그냥 무난하고 맛 괜찮은 감자탕이 먹고싶다면 괜찮을지도?
3.0,2024.07.16.,"소문은 익히 들어 알고 있었는데, 들깨가루가 너무 많이 들어간 음식을 불호하는터라 식당앞에서 두어번 발길을 돌렸었다. 
지인들의 추천으로 들어갔는데, ..."
3.0,2024.07.13.,생각보다는 평범....줄서서 먹고싶진않다
5.0,2024.07.03.,맛있당ㅎ
2.0,2024.07.01.,"감자탕 3인분 먹었습니다. 오후에 갔는데도 줄섰는데 줄 서서 먹을정도는 아닌거 같아요~
주차는 발렛이라 편리했습니다."
3.0,2024.06.18.,"줄 안서서 먹어서 다행이지 
몇 시간 기다려서 먹을 만한 맛은 절대 아님
순환은 되게 빠른데..."
3.0,2024.06.05.,"1인방문은 웨이팅 없이 먹을 수 있습니다
일단 양이 많았는데 12,000원이라는거 생각하면 딱 적당한거같고 맛은 우리집동네 감자탕이 더 맛있네요ㅎㅎ 친절은 바라지 않는게 맘편하고 내국인보다 외국인이 더 많아요"
3.0,2024.05.14.,"오전에 입장, 대기없이 들어감. 국물은 칼칼하기보단 기름기 많은 진한 느낌, 살코기는 많이 안붙어있었음. 맛은 적당히 먹기 괜찮은 감자탕인데 가격도 좀 있고 기다려서 먹을것 같지는 않다."
3.0,2024.05.12.,"고냥 쏘쏘합니다
수제비 맛잇어유"
3.0,2024.05.09.,깔끔한 국물맛에 수제비가 맛있어요!
5.0,2024.05.05.,"가성비 해장국
수제비 볶음밥 먹고싶을때 말고는 보통 해장국으로 먹음
낮에오면 항상 줄이 긴데 기다려서 먹을정도..는.. 아님/본인은 보통 밤..."
2.0,2024.04.28.,"웨이팅의 가치가 없는 평범한 감자탕

무엇보다 볶음밥은 완전 비추.
김가..."
4.0,2024.04.19.,친절하셧어요 그런데 감자탕에서 로션 스킨맛이 잠깐씩 나여 ㅠㅠ
4.0,2024.04.15.,맛은 일반 감자탕 다르지않아요 그렇지만 다먹었는데도 물리지않고 가볍게 먹은 느낌이 듭니다 웨이팅이 엄청 길면 굳이 안먹어도 됩니다. 근데 생각보다 웨이팅이 빨리 줄긴합니다. 코너도는쪽에서 내가 웨이팅을 할까말까 고민한다 하면 웨이팅 하세요
3.0,2024.03.31.,"맛이 없진 않았으나
또 그렇게 깊은 맛은 없다
감칠맛도 부족하고 감자탕이..."
5.0,2024.03.31.,"사장님이 친절하시고 너무 웃기세요!
음식도 맛있고 분위기 최고에요!
인기가 너무 많아서 줄 서서 먹어야합니다 ㅎㅎ"
5.0,2024.03.24.,"웨이팅은 평일 4시?~5시에 가면 없는것같구요
감자탕 국물이 깔끔하고 맛있어요!!
근데.전체적으로 위생적인 부분은 개선 하셔야 할것 같아요..."
1.0,2024.03.17.,"고기는 질기고 뼈에 붙어 고기 양도 별로 없고
기다릴 가치가 없다"
1.0,2024.03.05.,"앉기도 전에 주문 받고 30초쯤 고민하니까 빨리 하라고 짜증내기 시작
그릇은 휙휙 던져주고 고기는 휴..."
3.0,2024.02.26.,"맛이 있긴한데 이정도 웨이팅을 뚫고 먹을 만한 맛집인가..?싶은 의문점
볶음..."
3.0,2024.02.13.,"맛있는 감자탕이고, 집근처에 웨이팅 없었다면 자주 갔었을거 같은 맛
하지만 웨이팅, 인원수대로 주문하라는 직원, 불친절함, 시끄러움을 생각한다면 한번정도 방문하는걸로 충분할거 같다"
2.0,2024.02.04.,아침일찍 기사 줄안서서 먹었느넫 그렇게 막 맛있진 않은것 같아요
4.0,2023.12.22.,평범한데 친절하신 이모님들과 수제비 볶음밥이 다시 생각날거 같아요
4.0,2023.12.08.,"평범한 감자탕 
고기보다 뼈가 많은 부위를 받아서 아쉬웠습니다"
4.0,2023.12.07.,사실 맛은 다른 감자탕하고 비슷한데 찍어먹는 소스가 참 맛있어요! 그리고 큼지막한 오이와 고추도 반찬으로 주셔서 중간중간 먹기 좋아요!
3.0,2023.12.02.,"특별할 거 없는 감자탕 맛이에요
감자탕은 원래 맛있습니다..
직원분들은 불친절하지는 않은데 밥 먹고 있는데 바로 옆에서 쓰레기통 비우고 일어나지도 않았는데..."
5.0,2023.11.11.,"처음에 직원분의 불친절함 속 친절함이 느껴져서 첫인상은 읭..? 했지만 넘 맛있어욤
진짜 너무 맛있어서 소리 지를뻔...
감자탕 별로..."
5.0,2023.11.09.,"성시경이 추천해서 가봤는데 진짜 맛있고, 친절하고 좋습니다^^"
5.0,2023.11.07.,맛 무난하고 24시간 운영이라는 점에 5점을 주고 싶네요
1.0,2023.11.04.,줄 없어도 다신 먹고싶지 않은 맛.. 40분 웨이팅하고 들어갔는데 일하시는 분들 전부 소리 지르며 불친절한 건 기본이고 (심지어 한국어 서툰 외국 관광객들에게도 똑같이 틱틱대서 대신 창피했음) 인원수 보고 중자 대자 자기들이 거의 강매하듯이 주...
5.0,2023.11.02.,"줄서있는거보면 아찔한데 생각보다 기다릴만함
회전율빠름 
맛있음……….. 양도 많음
회사원 ..."
5.0,2023.10.25.,별관에서 감자탕 (소)을 참 맛있게 먹었습니다. 맛이 슴슴한편으로 내입맛에는 적격이네요.  김치와 깍두기가 맛있네요.  바쁘지만 스태프들이 잘 서비스해주네요.
3.0,2023.10.14.,무난함.근데 차이니즈피플 겁나 많음
4.0,2023.09.03.,소문은 진짜였다! 😊
5.0,2023.08.30.,"짱맛 🤤

수제비도 먹고 볶음밥도 먹어서 배터질 뻔 ㅇ.ㅇ!!
..."
5.0,2023.08.23.,매주 출석하고싶은 맛 하지만 그럴수없는 웨이팅😂
1.0,2023.08.22.,"더 소문났음 좋겠어요 아예 갈 필요도 없게!!♥
컵에 립스틱 자국 있어서 깜짝 놀랬어요 설거지를 안하셨나봐요ㅎㅎ 물 아끼는 모습 너무 좋아요^^
셋이서 갔는데 ..."
4.0,2023.08.10.,"근방에서 구수하게 먹고싶다면 한번쯤.
고기가 야들야들, 국물이 정석적.
직접 떠주는 수제비, ..."
2.0,2023.08.07.,"그냥 그래요.. 웨이팅해서 먹을 맛은 아님.. 
니맛도 내맛도 아닌 듯"
5.0,2023.08.07.,"저녁 10시에 30분 거리를 운전해서 도착.
운이 좋아서 약간의 웨이팅 후 입장(입장전 제 뒤로 웨이팅줄이 약 20명).
단점은 취객으..."
3.0,2023.07.11.,"맛은 평범한데 왜 웨이팅 있는지 모르겠네요.
무엇보다 양이 너무 적어요. 
뼈가 너무 거대한데 먹을건 별로 없음. 
저는 참고로 일반 식사..."
4.0,2023.06.30.,셋이서 3차로 가볍게 소자 주문하니깐 되게 인색함.. 술 많이 팔아줬는데 실망스러운 응대
3.0,2023.06.28.,줄 서는 식당
4.0,2023.06.27.,자극적인 msg맛 없는 국물맛이 찐이다. 맛을 평기할 때 기준이 될지 모르겠지만 뼈가 이미 발골이 너무 잘되어 있어서 뜯어 먹을것이 없다? ….
5.0,2023.06.14.,23시 이후 성수의 가장 핫플레이스. 맛과 양도 푸짐합니다.
3.0,2023.06.12.,"감자탕 말고 감자국을 먹어볼 걸 그랬다 싶긴하지만
다음에 방문할 일이 있을진 모르겠습니다."
4.0,2023.06.07.,살코기가 많고 정말 부드러운 편입니다. 낮술하기 좋은 분위기입니다.
3.0,2023.06.07.,그냥 평범한데 줄 서는 거 노이해
5.0,2023.06.06.,예전에는 그냥 그랬던 거 같은데 이번에는 너무 맛있게 잘 먹었어요혼밥
1.0,2023.05.31.,"몇년전에 비해 지금은 너무 변해버린 맛...
그동안 정말 맛있게 먹은 나의 소울푸드였는데 ㅠㅠ
오늘로써 내 소울푸드 하나 잃었...ㅠㅠ 
항상 일반 감자국을 먹는데,
..."
1.0,2023.05.24.,감자도리인 나로선 이 줄 이해불가
4.0,2023.05.21.,"일요일 밤 10시에 웨이팅이라니 깜짝 놀랬어요!
뭔가 감자탕계의 평양냉면 같은 맛이에요.
처음엔 싱거운거 같다가 계속 먹게돼요!!
고기 살도..."
4.0,2023.05.20.,맛있어요오 웨이팅 있긴한데 금방 빠져서 기다릴만 했어용 감자탕은 맛없없!
5.0,2023.05.05.,웨이팅한 시간이 전혀 아깝지 않은 맛👍
1.0,2023.05.03.,ㅕ여기를 왜 줄서서 먹어??
4.0,2023.05.03.,맛있으나 30분~1시간씩 기다려서 먹을 정도는 아님.. 웨이팅으로 얼마를 기다려도 성수동 특성상 일행이 다 오지않으면 못들어감!!
3.0,2023.04.29.,뼈에 살이 많지 않아요 평범한 맛이었어요
1.0,2023.04.02.,"얼마나 맛있길래 줄을 저렇게서서 먹나 궁금해서 먹어봤어요.
음식 나오고 인덕션?에 에러나서 말했더니 테스트해본다고 한참 밥 못먹고, 그래도 안되길래 가스버너로 바꿔주..."
5.0,2023.03.30.,"아름다움
근데웨이팅길게서서먹을맛은아님 ㅎㅎ"
4.0,2023.03.21.,낫배드
4.0,2023.03.11.,"친절은 랜덤 대기는 필수
위생은…바쁘니까 그런지 고춧가루가 여기저기
근데 ..."
4.0,2023.02.20.,솔직히 맛있긴하나 웨이팅까지는 모르겠어요. 그래도 기다려서 간거 후회하지 않아요! 양념장이 맛나요
2.0,2023.02.10.,6천원?정도할때부터 월2ㅡ3회는 꼭 먹던 나름 단골입니다. 오늘부로 안가기로 했습니다. 예전엔 그래도 고기4ㅡ5덩어리중에 퍽퍽한거 하나정도 나올까말까였는데.. 가격은 만원되고 고기양줄고 고기...
3.0,2023.01.17.,"국물맛은 좋은데… 살면서 이렇게 고기 안발라지는건 처음이였다 …!!!
등뼈랑 잡뼈가 섞인 느낌.. 잡뼈 너무 많음 ㅜ
가격은 올라서 보통 만원임. 먹는다면 우거지 추천 ㅋㅋ"
1.0,2022.12.23.,별 하나도 주기가 그런게..  사람은 많던대. 그냥 술마시고 반주하러 오는 듯. 취해서 다들 맛을 모르는건지. 가격이 아주 저렴하지도 않고 살면서 이리 살 없고 살에 간이 안 밴건 처음 먹어 봄.(고기에 살이 없는건 수입산을 써서 그런듯 외국서...
5.0,2022.12.21.,항상 웨이팅이 있는 맛집입니다 점심시간에는 회전율이 빨라 대기할만 하지만 저녁시간엔 반주하시는 분들이 많아 대기시간이 제법 있습니다 웨이팅 싫어하기 때문에 웨이팅하면서까지 음식을 사먹는 편이 아닌데 이 집만큼은 기다려서 먹...
2.0,2022.12.18.,"일단 너무 불친절해서 다시 오고 싶지 않고, 맛도 특별하지 않음."
5.0,2022.12.15.,"전국구 감자탕집,,, 사시사철,, 
대기가득,, 감자국 우거지 가득 추천,..."
1.0,2022.12.13.,사이다랑 컵을 받았는데요 처음에는 문양이나 열에 그을린 모양인줄 알고 제대로 안봤는데 마시다보니 이상해서 보니까 음식물이 딱딱하게 굳어있던거더라구요. 그래서 마침 옆에 직원분 계셔서 말했더니 응대가 어쩌라는듯한 눈빛과 행동?.. 사...
1.0,2022.11.29.,왜 유명한 걸까… 맛도 그저 그런데다가 고기도 뻣뻣하고 푹 끓여진 게 아닌지 뼈 분해하기도 힘들고… 볶음밥은 싱겁고 직원분들은 매우 불친절하고… 아무리 바빠서 그렇다는 거 이해는 하겠다만 계속 쏘아붙이는 말투를 들으니 내가 여길 밥 먹...
1.0,2022.11.09.,위생이 진짜룽….
5.0,2022.10.29.,혼자 가서 우거지곱배기 시켰는데 왠만한 감자탕(소)보다 많았어요. 국물이 식어 데워달라고 하니 가스렌지 주셔서 밥말아서 끊이니 존맛탱!!! 제 개인의견으론 광화문뚝감과 감히 견줄만하네요.
5.0,2022.10.24.,양도 많고 맛있어요
1.0,2022.10.20.,"맛이나 양은 예전과 비슷하게 유지하는같아 좋지만
이젠 주차비를 2천원 별도로 받는다함..
멀리서 생각나서 찾아오는 사람들은 뭘로 생각하는건지..
..."
4.0,2022.10.02.,맛있지만 한시간 기다릴 필요는 없을것같음
4.0,2022.09.28.,"맛은 그냥 감자탕! 근데 확실히 고기에서 잡내 나지 않고 부드럽게 발려져요 수제비가 유명하던데 딱히 맛있는 건 모르겠고 볶음밥은 김가루 그득이라 맛있었습니다
다들 본관에서 웨이팅하시던데 바로 옆 별관은 웨이팅 별로 없어요"
4.0,2022.09.22.,"대기 있어도 가게가 넓어서 금방 빠짐
오늘 응대해주신 직원 두 분 모두 친절하셨는데 후기에 불친절하다는 말이 다수라 조금 놀랐다
맛은 적당히 깔끔하고 괜찮음"
2.0,2022.09.11.,"감자탕 소짜리구용
성인2명이서 수제비까지 해서 한끼 잘 먹었어요!
웨이팅도 있었지만 금방금방 빠져서 15-20분? 정도 기다리고 들어갔어요!..."
5.0,2022.09.07.,"가게 확장 전부터 거의 20년 단골입니다. 가격도 저렴하고 양도 푸짐하고 손수제비사리, 볶음밥 필수에요!! 손님이 많아서 좀 시끄러운건 안비밀.. 새벽 이모들은 다들 친절했어요"
5.0,2022.08.30.,"항상 이모님들께서 바쁘실때가도 항상 웃어주시고, 청결부분에선 아쉬울 수 있어도 
정말 맛있습니다. 막 와 뭐야~ 할정도로 충격적인 맛은 ..."
1.0,2022.08.15.,"별점이 낮길래 고민됐는데 그래도 가봤음
잘 익은 감자탕은 고기가 예쁘게 발라지고 맛이 부드러운데
여기는 고기가 떨어지지..."
4.0,2022.08.14.,"시장통같이 복잡하고
웨이팅하는 방식도 번거롭네요ㅠㅠ
직원분들이 너무 바쁘셔서
불친절하시..."
3.0,2026.07.21.,6년 전 기준 난 맛있었음. 그때도 인기는 많았지만 지금도 여전한가보네. 웨이팅 하면서까지 먹을 정도는 아니긴 했음. 실제로 그 이후 재방문 없었으니까.
1.0,2026.06.25.,"그냥 동네 감자탕집이 더 좋을듯합니다..
매장에 벌레 날아다니고 음식 맛도 없었어요....
고기는 퍽퍽 국물도 짜고.."
1.0,2026.06.24.,가져다주는데 손가락이 담군상태로 내주는건 뭔 위생임 더러워ㅠ뒤지겠네
1.0,2026.06.18.,"소문 왜난거임 연개소문임
맛도 분위기도 의문 
양도 가성..."
3.0,2026.06.11.,무난 해요..
1.0,2026.05.25.,한국에서 나고 자라 33년 인생에서 제일 맛없는 감자탕
3.0,2026.05.18.,"평이 낮지만 본인 기준에서는 먹을만한 곳
특유의 감자탕 집 분위기가 술이 잘 들어감
늦게까지 해서 좋음"
4.0,2026.05.09.,괜찮아요.
1.0,2026.04.21.,"별관 절대 가지 말것
손님하고 기 싸움 열심히 하시고, 맛도 그냥 동네 감자탕집 수준...."
4.0,2026.04.15.,"평일 저녁에 웨이팅 없이 들어가서 먹으면 별 5개
웨이팅 3시간이상? 별 3개입니다 ㅎㅎ
맛이 없진 않지만..."
4.0,2026.04.07.,"감자국 일반 12,000원

양이 진짜 많아요. 살코기를 꼼꼼히 안 발라 먹어도 배부를 정도의 양이라 좋았어요.
아, 근데..."
4.0,2026.03.30.,"성수동 핫플 거리에서, 가장 줄이 길게 서있는 집 중 하나 입니다. 회전율이 좋아서, 생각보다 금방 들어가고요, 외국인 방문객이 많습니다.

""감자탕""이, 한국 사람..."
5.0,2026.03.29.,"새벽에 혼자 가면 바로 입장 가능 및 주자 쉬움
고기 실하고 맛있어요. 원물 자체가 좋아 야들야들한데 뼈는 상당히 분리가 다른집에 비해 힘듦 /국물이 슴슴하지만 깊고 진한편임"
5.0,2026.02.17.,"후기가 낮아서 걱정 많이 했는데 친구랑 풀꾸 100의 모습에서 결국 못참고 손으로 뜯고 맛있게 먹었습니다
특히 살이 진짜 부드러워서 좋았어요"
5.0,2026.01.26.,"줄서서 먹을줄 몰랐는데 어쩌다보니 줄서서 먹게된 집. 생각보다 줄은 빨리 빠지는 편이고, 명불허전. 맛있는 감자탕이에요. 고기가 정말 보들보들하고 양도 많아요! 워낙 바빠서 살짝 번잡스러울수 있어 분위기보다는 맛으로 방문할 곳입니다."
1.0,2026.01.25.,"성수감자탕, 예전엔 진한 국물 맛으로 자주 찾던 곳이었는데… 이제는 그 맛의 흔적조차 찾기 힘들다. 국물은 밍밍하고 고기엔 정성..."
4.0,2025.12.06.,맛도 좋고 가격도 적당합니다.
1.0,2025.12.05.,다시는 안갈래요. 친구랑 갔는데 직원 한 분 응대하는 태도가 너무너무 무안하고 기분 나빴어요. 감자국이랑 감자탕 중에 뭐 시킬지 고민하는중에 직원 한 분이 빨리 시키라는 식으로 재촉하고... 아직 시키지도 않았는데 n번 테이블 잘못나왔잖아~ 면박...
3.0,2025.11.29.,"뭐..그저그럼
""이정도의 맛도 안나면 감자탕이라 부를 수 없다""의 이정도에서 한단계 위를 맡고 계십니다"
1.0,2025.11.17.,"계산하는 할머니 직원 싸가지가 없어요;;; 외국 직원들은 친절했는데
맛은 무난"
3.0,2025.11.09.,기본적으로 감자탕이라 맛없기 힘들긴 합니다. 테이블 간격도 좁은데 손님이 많아 직원분들이 계속 정신없이 다니다보니 어수선한 분위기가 있습니다.
1.0,2025.11.08.,"돈과 시간 아까웠습니다.😡
맛집으로 소문난 곳이라 남자친구가 궁금해해서 웨이팅하고 갔습니다. 들어가자마자 빨리들어가라고 직원분이 손으로 계속 등을 미셔서 기분이 안좋았습니다. 주방 앞 좁은 길목에서 앞사람이랑 마주쳐..."
2.0,2025.10.30.,"다행히 새벽에 들어감..
줄서는 사람들이 이해되지 않음.."
4.0,2025.09.20.,대기는 외부 대기석에서부터 선입선출 방식이고 생각보다 회전률 좋아요. 맛은 평타이고 고기는 매우 연합니다. 손님이 많아도 접객은 보통 음식점 수준이었고 특별히 불친절하거나 그런 건 못느꼈습니다. 서울에 유...
2.0,2025.09.12.,유명해서 유명한 집. 시골쥐 칭구가 꼭 먹어보고 싶다해서 어쩔수없이 왔으나 기대를 내려놨어도 기대 이하인... 관광객이 더 많은 식당. 공깃밥이 너무 오래된 밥 같았어요 밥돌이는 슬펐습니다.
4.0,2025.09.06.,"줄서서 먹을 필요는 없고 
그냥 밤에 마실 나가면 그때는 사람이 없음 
그때 한번 먹어보는걸 추천드려요 
..."
1.0,2025.09.05.,"최근에 집 근처에 있는 감자탕집을 방문했는데, 솔직히 말해서 음식 맛보다도 서비스 때문에 다시는 가고 싶지 않은 경험을 했습니다. 저는 보통 웬만한 음식점에서는 서비스에 크게 예민하..."
1.0,2025.09.04.,"정말 불친절했어요. 
저희가 물티슈를 부탁했는데 저희 쪽으로 던지더라고요. 
제가 돈을 내고 밥을 먹으러 갔는데 마치 구걸하는 것처럼 느껴졌어요."
3.0,2025.08.16.,"우거지 곱-비린내 안나고 소스는 시장 소스랑 맛이 같고 안어울림.
감자탕을 안먹어봐서 잘은 모르겠는데 다음에 오지는 않을것 같다."
4.0,2025.08.16.,"부족함 없이 무난한 맛 이었요, 웨이팅 없이 바로 들어갔고 바빠보이셨지만 친절하게 응대해주셨어요🤠"
3.0,2025.08.07.,성수 돌아다닐 때마다 항상 웨이팅 줄이 있길래 가봤습니다. 평일 오전에 줄 안서고 바로 들어갔어요. 근데 들어가기 전에 뭐먹을지 상의하고 들어가시길~ 앉자마자 바로 물어보는데 재...
3.0,2025.08.04.,주말 2시 반쯤 애매한 시간에 갔더니 대기 거의 없었어요 별관도 있어서 줄 금방 빠지더라구요 맛은 매우 무난해요ㅋㅋㅋ 순한 감자탕... 진하거나 감칠맛이 있는 것도 아니고 그렇다고 못 먹을 밍밍한 것도 아니고... 맛으로만 따지면 다른 감자탕집 미만인거 같기도?🤔
2.0,2025.08.04.,"1인분 뚝배기 뼈해장국인 아닌 소중대 냄비 감자탕
살점이 실하지 않다
국물에 목숨을 건 육수충 입에 국물은 별 ..."
1.0,2025.07.20.,"후기들보면 맛있다던데....맛있다던데....?? 이상하다......

위생이 더러워요 << 그릇이나 수저랑 화장실..."
1.0,2025.07.07.,뼈도 잘 안발려요
1.0,2025.07.06.,"식기 물통 너무 더럽다
그리고 주문하자 바로 나오는 공장처럼 나오니깐
간이 개맛없음 다신 안갈듯"
3.0,2025.07.05.,"맛있음 간도 안 세고 삼삼한 편
같이 나오는 양념장이랑 김치도 맛있는 편인데
사람이 많아서..."
1.0,2025.06.19.,"토요일 저녁 방문 후기 (재방문의사 없음)
1. 웨이팅 3분 만에 입장
2. 맛은 있는데 호들갑 떨정도로 맛있..."
3.0,2025.06.12.,"여기 리뷰들만큼 최악은 아닌데, 웨이팅까지 해서 먹을 가치는 없는 맛. 너무 싱겁고, 전형적인 관광객 타겟 비주얼만 얼큰한 맛이라 의아했음.
헛소문도 소문이긴 하죠 뭐."
1.0,2025.04.29.,"감자탕은 덜 고아서 고기가 뼈에서 떨어지지 않고
우거지는 딱 서너조각만 들어있고
최악은 볶음밥인데 돈내고 먹기 화나는맛.
참기름 너무 많이 뿌리고 생 깻잎 넣으시더니...이렇게..."
2.0,2025.04.28.,진짜별로다 예전에도 별로여서 안가다가 줄이길어서 오랜만에 갔는데 가격은오르고 예전보다 더 별로임. 예전엔 살도많고 감자도많고 성수치고 많이비싸지않아 가성비라도 있었음.  동네감자탕집 아무데나가도 이...
5.0,2025.04.25.,저는 대박요 넘 맛남
5.0,2025.04.21.,와보시면 압니다;
4.0,2025.03.24.,"very tasty! cook quickly! fresh products. had to wait in line even if lunch time had already passed. but the taste of the food was worth it, recommend visiting 🙂"
1.0,2025.03.23.,"밍숭맹숭하고 수돗물 맛 나는 것 같은 국물..
그다지 부드럽지도 않은 고기
찍어먹는 양념도 어울리지 ..."
3.0,2025.03.18.,"무난하다
줄설 정도는 아니며
가끔 고기도 퍽퍽한 부위가 있음
국물도 약간 싱..."
5.0,2025.02.28.,"감자탕 맛있어요.~~~ 굿굿~~~
맛있어서 뼈추가 했어요.~~

수..."
2.0,2025.02.22.,"이걸 기다려서 먹을 정도는 진짜 아닌 듯..
웨이팅 없어도 실망스러운 맛
볶음밥은 맛없었고 ..."
2.0,2025.02.07.,줄 서지 마세요...
4.0,2025.02.05.,고기가 부드러고 살이 많음 국물도 맛있어요!! 다만 앞접시 3개에 고춧가루가 다 묻어있어서 휴지로 따로 닦음.. 쩝 웨이팅 없는 시간에만 가서 먹긴하는데 웨이팅해서 먹으라몀 고민할 듯
3.0,2025.02.05.,애벌레가 나온다는건 신선하다는걸까
5.0,2025.02.04.,"자극적이지 않아서 계속 땡기는 맛
시끌버쩍해서 뭔가 에너지 받는 👍🏻"
5.0,2025.02.02.,"가격 대비 양 많습니다. 맛있구요. 
제가 왔을땐 관광객분들도 많이 오시더라구요."
4.0,2025.01.05.,객관적으로 딱 맛으로만 본다면 엄청 특별한건 아니지만 꽤 괜찮아요. msg 때려넣은 자극적인 맛이 아니라 나름의 내공이 있는 무난한 맛? 웨이팅도 15분정도 했고 회전율이 빨라서 기다릴만해요. 위생은 흐린눈 좀 하셔야겠지만 이정도 가격에 맛이면 만족합니다.
3.0,2024.12.30.,저는 비위가 약한 편은 아니었는데 주신 컵에 고춧가루가 묻어있었구 (친구 비위 상할까봐 몰래 얼른 닦아서 사진은 못 찍었어요) 맛은 그냥 괜찮다 정도..? 근처 지나가면 웨이팅 많이 하던데 기다릴 정도로 특별한 맛은 아닙니다
3.0,2024.12.28.,"감자탕 소짜 하나에 뼈 5개 정도
양은 적다는 생각은 안 들었고, 
맛은 다른 감자탕 집보다 슴슴하고 단백한 ..."
4.0,2024.12.24.,혼밥 테이블이 따로 있어서 웨이팅 길어도 바로 자리 안내 받을 수 있어용
3.0,2024.12.01.,"무난한 감자탕. 맛이 없다는 것은 아니나 이정도의
웨이팅이 이해가지 않는다. 찾아올 정도는 절대 아닌 곳."
2.0,2024.11.15.,맛은 평범. 가성비는 별로. 고기는 부드럽지만 줄서서 먹는게 이해 안됨. 줄 서있는 사람 반 이상이 중국인임. 웨이팅 문제는 이 집의 문제가 아니기 때문에 2점줌
4.0,2024.11.14.,"고기 부드럽고 잡내 없이 맛있습니다. 국물도 간 적당하고 맛나네요. 다만 요즘 핫한 동네이고 인근에 비슷한 집이 없어 좀 더 대기가 긴 것 아닌가 싶습니다. 동네나 평소 동선상의 뻐해장국집들과 비교시 조금 더 낫다 싶은 정도이고, 제게는 오래 줄 서서 먹을 정도는 아닌 듯 합니다."
3.0,2024.11.07.,"맛이 특별히 좋다던가 색다른건 없고
양이 많지도 가격이 저렴하지도 친절하지도 않음
굳이 여길..?"
4.0,2024.10.24.,"근처 갈 때마다 항상 줄 서있길래
신기해서, 줄 40분 가량 서서 입장했는데
✅ 유명한걸로  유명한 곳 ..."
3.0,2024.10.20.,"- 곱빼기 13,000원
- 혼자서 먹는 자리가 있어 1인은 금방 먹음
- 진득한 맛이 날 줄 알았는데 국물이 너무 밍밍했음. 곱빼기 시켜서 양은..."
5.0,2024.10.17.,감자탕 살이 어쩜 이렇게 쫄깃쫄깃하지...? 깜짝 놀랐어요... 넘 맛남...
5.0,2024.09.29.,"핫소스 팝업 보고 성수감자탕 코스 댕겨왔는데 먹는 사람도 먹는 사람이지만,,, 포장하는 사람 짱많아서 ㄹㅇ 맛집이구나 함. 카카오맵 레벨 올리려구 기억 끄집어내서 쓰는데 맛있었던 것 같당"
4.0,2024.09.28.,4번? 정도 다녀온 곳인데 갈때마다 맛있긴 해요
4.0,2024.09.01.,또또또또또간집 수제비 꼭 추가해서 드세요!! 쫀득 웨이팅이 너무 길어서 이정도의 대기할만큼은 아니라고 생각할 수도 있는데 저는 입맛에 젤 잘맞아서 기다려서 먹어요🥺 대기가 부담스러우면 포장해서 드셔보시는걸 추천드립니다아
2.0,2024.08.18.,기대보다는 별로였습니다.
1.0,2024.08.14.,"맛은 그냥 그럼, 불친절, 음식 미지근함, 화장실 물어보거나 뭐 달라하면 이모님들이 혼냄 ㅠ
소문이 안좋은 소문인가??"
2.0,2024.08.04.,"뚝배기를 가득채우는 뼈다귀지만
발골이 쉽지않다
들깨가루의 고소함과 등뼈기름이 우러나온 국..."
3.0,2024.06.08.,토요일 오전 11:30쯤 가니까 웨이팅 5분 정도 대기 하다가 들어갔어요. 맛은 그냥 평범한거 같아요 굳이 웨이팅 하면서까지 먹을정도는 아닌거 같아요. 수제비 맛있어요.
5.0,2024.06.07.,성수동에 갈때마다 웨이팅 30분은 기본이지만 주차도 되고 친절해서 자주 가는 곳이예요. ^^
4.0,2024.05.31.,줄서서 먹었는데 원래 잘가던 감자탕집 보다 못했어요 볶음밥도 감자탕국물에 김가루.깻잎만 넣어서 오히려 맨밥보다 맛이 없었습니다.
5.0,2024.05.29.,"심하게 맛있다. 
국물이 어릴적 아빠 손잡고 가서 먹은
수유의 마포감자국집 맛이 비슷하게 났다.
소..."
5.0,2024.05.13.,"맛나게 먹었어요..
소문났더라구요~"
1.0,2024.05.13.,줄 서서 기다리다가 먹기에는 너무너무너무 내 시간이 아까운 곳.. 간도 좀 안 맞고 다들 바쁘셔서 불친절하시고.. 깨끗하지도 않고... ㅠㅠ
5.0,2024.05.08.,"2024.04.28
감자국
4번째 방문.
일욜 오후 9시에..."
5.0,2024.05.03.,"1. 평일 오후 3시에 갔는데 웨이팅 있어서 깜짝
2. 외국인이 많이 찾음
3. 손님 순환이 빨라서 그런지 감자탕도 빨리나옴
4...."
1.0,2024.05.01.,진짜 맛없음 그냥 집 앞 뼈해장국 집이 더 맛있는 듯. 줄 서서 먹었는데 먹고 시간버리고 돈 버리고 후회했음
2.0,2024.05.01.,"글쎄...왜 소문난걸까 왜 대기줄이 길까
맛이가 없다..."
4.0,2024.04.17.,"한번 먹고 바로 감탄할 맛을 찾기 위한 곳은 아니고, '기본적인 퀄리티를 유지하면서 매번 동일한 맛을 내는 게 얼마나 어려운 줄 아냐'라는 관점을 가지고 가볼 만한 곳. 근데 사람이 많으니 자주 갈 수는 없겠구만"
3.0,2024.04.14.,무난한 맛. 왜 유명한진 모르겠으나 회전율 빠르고 이모님들이 친절하심
4.0,2024.03.21.,"맛있긴 한데 사람이 많아 엄청 북적임(시끄러운데서 먹기 힘들어 하면 별로일듯)
웨이팅이 있지만 빨리 빠..."
5.0,2024.03.18.,대한민국 감자탕 1티어
5.0,2024.03.08.,"알차고 실하고 냄새안나고 푸짐한 성수감자탕맛집이요-!! (수제비 너무 맛나요)
20231205 방문"
3.0,2024.03.08.,"3.5 / 5점
가격 맛 좋습니다. 근데 웨이팅할정도는 아님.."
5.0,2024.03.06.,안짜고 딱 좋았어요ㅎㅎ
3.0,2024.03.01.,쏘쏘
3.0,2024.02.25.,성수 맛집이라고 해서 아침 일찍가서 먹어봤는데 제 입맛에는 국물 심심하고 고기 퍽퍽한 편이에요~ 뚝배기 주문 하지 않고 감자탕 대로 주문 했는데 4명이서 먹기에 양은 푸짐했습니다. 이 집 점심 & 저녁...
4.0,2024.02.04.,명성에 비해서 아쉽다... 맛있긴 하지만 그 정도까지야?
5.0,2024.01.31.,"진작 갈껄 ㅠㅠ
지나다니면서 웰케 줄이 길지 했는데 다 이유가 있었어요. 

맛..."
2.0,2024.01.20.,"맛도 걍 그렇고… 맛이 없는 쪽에 가깝고… 그렇다고 가성비 있지도 않고…
분위기도 별로 친절도 그닥… 왜 줄 서서 먹는 건지 의문"
4.0,2024.01.20.,"크리스마스 당일 한창 점심시간에 방문해서 꽤나 줄이 길었음에도 50분 좀 넘는 웨이팅 끝에 들어갈 수 있었습니다. 가게가 넓고 회전율이 빨라 생각보다 웨이팅 줄은 빠르게 줄어요. 개인적으로 감자탕 국물이 너무 맑은, 가벼운 느낌을 좋..."
3.0,2023.12.24.,"1시간 웨이팅할건 아니듯.
맛은 있는데, 추운계절이나 더운 계절에
웨이팅..??? 과연.."
5.0,2023.12.23.,감자탕 인생음식인데 여기서 제 운명적인 감자탕을 만났습니다 ㅋㅋ 진짜 완전 맛있어요  부드러운 고기에 자극적이지 않은 맛있데 어쩜 이렇게 맛있는지 ㅋㅋㅋ 줄서서 먹을만 합니다ㅕ
2.0,2023.12.16.,"흠.. 궁금해서 줄서서 먹어봤지만!
웨이팅 해서 먹을정도는 아닙니다..* ㅎ 특별한 맛은없어요. 맛도 슴슴하고 양도 적고 원래 감자탕은 어딜가나 맛있으니까 딱 그냥 그정..."
4.0,2023.12.11.,맛있어요! 근데 그 어마무시한 줄을 서서 먹을 정도는 아니고... 포장을 추천합니다....ㅋㅋ 사진은 포장해서 먹은거에요. 나름 성수동에서 주차도 가능한 식당이긴 한데... 줄이 너무 길어요 ㅋㅋㅋㅋ
3.0,2023.12.06.,맛있어요 혼밥자리 따로 있고 고추 땡기는 뼈해장국
4.0,2023.11.20.,"밤에가도 웨이팅있어서 신기했습니다
감자탕 소자에 라면사리추가했습니다. 양 정말 많은데 직원이 부족해서 집게와가위달라고4번말씀드려야 받을수있었어요 떨어지는서비스입니다. 음식맛은 맛있었고 무엇보다 고..."
4.0,2023.11.17.,식사는 그냥 맛좋은 감자탕이었다 !
3.0,2023.11.09.,"너무 맛있어서 다른 감자탕은 생각도 안남 근데 웨이팅이 있고 감자탕보다는 감자국 먹는게 훨 이득인 것 같아요!

평점 수정..."
3.0,2023.10.23.,맛이 좀 밍밍해요..
4.0,2023.10.08.,두번 말할 필요 없음
1.0,2023.10.03.,"맛은 평범했지만, 뼈에 붙은 고기양은 너무 적어서 비싸게 느껴졌고, 주인장과 종업원들은 매우 불친절했어요.
<고기가 퍽퍽하고 차가워요, 국물도 전혀 우..."
1.0,2023.09.06.,"절대 비추!!
별관에서 먹었는데..진짜진짜 불친절합니다
키큰 단발머리 아주머니..외국인손님이 앞접시달라고 요청하니 소리치고 화내고 ..."
3.0,2023.09.05.,"소문 확인 차 혼자 들러서 전골 소 씩씩하게 먹어봤는데
여기 손님 엄청 많더라구요.
이동네 감자탕집이 여기 ..."
1.0,2023.09.02.,지나다닐 때마다 줄이 길어서 맛집인 줄 알고 기대를 했으나 매우 실망도르
1.0,2023.08.26.,"생방송투데이 top5 1,2 위던데... 결론은 일반적인 뼈해장국 정도.  /다른 맛있는 곳에 비해 1.약간 고기 냄새 있고, 2. 뼈 분리 용이치 않고 3. 우거지는 따로 끓여져 맛이 따로 4.혼잡해 약간 시끄럽고...    외국인도 많던데 안타깝네요. 한국의 이름난 음식점 기대치가 있을텐데..."
5.0,2023.08.15.,맛깄긴 함. 직원분들도 친절하긴 한데 위생엔 문제 많아서 가기 전에 망설이게 되는 게 흠.
2.0,2023.08.01.,"위생은 별로인줄 알았는데 다른분들 리뷰보니 생각보다 더 아닌 것 같아 별점 3개 드려료…
웨이팅 많아보여도 빨리 빠지고 나쁘지 않았는데ㅠ 위생이 너무 eva ? 그걸 감수하고 먹을 맛은 아님"
5.0,2023.07.28.,"맛있고요 감자탕 최고 ㅋㅋ
일단 볶음밥은 당영히"
4.0,2023.06.22.,우거지 많아서 좋음
1.0,2023.06.22.,맛은 보통인대 너무 불친절함. 불러도 아무말도안함
3.0,2023.05.24.,개인적으로 맛은있으나 줄서서 감자탕먹기는 좀 그렇지않습니까 주위에 먹을게얼마나많은데!
4.0,2023.05.09.,"맛집이라 대기 했지만 생각보다 빨리 들어감. 맛은 깔끔하고, 고기는 싱싱하고, 간도 심심하니 좋더라구요."
4.0,2023.05.01.,1인 좌석 회전율 너무 안 좋지만 맛은 괜찮아요
3.0,2023.04.27.,고기 야들야들 하고 맛은 있는데 제 입맛에는 살짝 싱거웠어요! 완전 자극적인 감자탕이 입에 맛으시면 좀 심심할수도...? 오이나 고추 싱싱해서 좋았고요 별 하나 뺀 이유는 좀 소란스럽고 응대가 바쁘다보니 그닥 친절한 느낌...
3.0,2023.02.26.,"‼️웨이팅할때 앞사람 누군지 꼭 기억해두고 서세요..‼️
30분 줄 서고 별관으로 가라고 안내 받아서 가고 있는데 갑자기 어떤 분들이 나타나더니 줄도 안 서고 별관으로 슥 들어가네요;; 일부러 ..."
1.0,2023.02.14.,"일단 맛도 없고 불친절까지 환장의 콜라보
맹하고 싱겁고 고기마저 퍽퍽해요
벨 눌러도 오지도 않아서 3번은..."
2.0,2023.02.11.,"맛은 그냥 감자탕맛이에요 금요일저녁에갔는데 웨이팅했어요
수제비사리추가하면 직접 떠서 넣어주세요
인원다와야..."
4.0,2022.12.08.,맛이 매운거못먹는사람 좋아하더라구요.
1.0,2022.11.15.,이런 후기 잘 안 남기는데 위생이 정말 최악이에요.. 식기에도 설거지 안된 음식 말라 붙어 있어서 바꿔 달라고 하고 손님용 앞치마에도 감자국물 얼룩 다 묻어 있고 의자에도 음식 다 떨어져 있고 들어가니 테이블도 축축한 행...
4.0,2022.11.13.,"맛있습니다요ㅎ 
분위기도 좋고 종업원분들은 바쁘실때
이해합니다!!"
1.0,2022.10.19.,"감자탕 쏘쏘
서비스 개똥망
여기왜 장사 잘됨?
..."
1.0,2022.10.17.,"손님오기전에 상을 닦지만 고춧가루가 여기저기 묻어있음. 다시 닦아달라해도 기다리라면서 안닦아줌. 접시에도 밥풀 붙어있고 의자에도 음식물 묻어있음. 감자탕 나오고 몇분 지나야 반찬 세팅해주고, 휴지 다 떨어져서 달..."
1.0,2022.10.16.,"바쁘셔서 바닥이 더러운건 알겠는데 테이블 한번 더 닦으니까 그대로 묻어나고 맛도 줄 설 만큼의 맛은 아닌거같네요 
어차피 장사 잘되니까 지금처럼 하시겠지만 나중엔 모르겠네요"
4.0,2022.10.09.,"평일 낮이라 대기없이 바로입장 우거지들은걸로 먹었는데 만원이라는 가격에 뼈가 이렇게 푸짐하다니 양이 엄청나요
맛은 흔히 먹는 맛있는 감자탕맛이었어요"
4.0,2022.08.28.,"여기 맛없다고 하는 후기올린 분들은
도대체 평소에 뭐 드시고 사실지 궁금합니다.
살면서 먹어본 감자탕중에 ..."
2.0,2022.08.15.,"너무 기대를 하고 가서 그런지,, 맛은 솔직히 그냥 그랫구요 그리고 쫌 싱겁구 그리고 사람이 엄청 많아서 직원들 아줌마,,? 쫌 싸가지가 없었습니다 사람이 많아서 바쁜거는 이해하지만 먹다가 보면 이것저것 시킬수 있는데 한번에 안시킨건 ..."
1.0,2022.07.19.,"서비스부터 최악이고 진짜 너무 불친절합니다.
먹는 도중 벌레가 나와서 직원분한테 말씀드렸더니 죄송하다는 말도 없고 계속 그럼 제가 뭐 어떻게 할까요 아 그냥 매니저 불러올게요 이렇게 짜증내는 식으로 말하고 솔직히..."
1.0,2022.07.03.,"불친절, 위생 밑에 후기 내용 다 맞아요. 
너무 불친절해서 밥 먹기 전부터 기분 나빳어요.
벨누르고 불러도 관심도 없고 음식 나올때 자리..."
1.0,2022.06.25.,위생적으로도 별로구...맛도 너무 아니올시다. 일하시는 이모들도 정신없으니 기계적으로대답하고 어쩔수없이하는 느낌...
1.0,2022.06.23.,진짜 장사를 하시겠다는건지... 별관 아주머니가 자기 마음에 안드신다고 소주 던지고 가네여 이런식으로 장사하시면 얼마나 할지 모르겠네요 맛평가에 앞서 서비스 최악입니다
4.0,2022.06.04.,"완전 푸짐하고 맛있어요.
회전율도 빠른 편."
4.0,2022.06.01.,"맵고짠 자극적인 감자탕은 아니고, 삼삼하고 담백해서 후루룩 들어가는 감자탕임. (매우 호!!!!) 

해장국(감자국 이라고 부름)에 보통 감자 안 넣어 주는데, 여긴 감자도 한두..."
2.0,2022.06.01.,일반인데 양많음 굳이 먼데까지 올 필요없고 웨이팅할 필요성없다
3.0,2022.05.31.,good : 다른 감자탕집보다 고기가 더 부드럽고 고기가 많이 붙어 있다. 맥주가 엄청 시원하다. 손님이 많아서 맥주 회전율때문에 미지근할만한데 얼음장같이 차...
1.0,2022.05.24.,맹탕 같아요
3.0,2022.05.20.,고기는 부드럽고 맛있는데 국물은 짜고 냄새남.. 줄 없을 때라 먹었지 줄 설 맛은 아닌 듯. 워낙 바쁘고 정신없으니 그럴테지만 친절없음.
4.0,2022.04.06.,이 정도의 줄을 서야하는진 모르겠지만 그래도 개성  있는 감자탕
5.0,2022.03.20.,맛만 좋구만... 왤케 혹평이 많죠...??
3.0,2022.01.13.,"줄서서 먹을 정도는 아닌..
무난한 감자탕 맛"
4.0,2022.01.02.,"깻잎향의 깨끗한 맛.
고기도 부드럽고 볶음밥 역시 고소한 맛으로 괜찮았어요. 성수 근처에 있는 분들은 캐주얼하게 가보셔도 좋을듯. 가성비 맛집은 아님. 이미..."
1.0,2021.12.14.,"너무 가게가 더러워요.
수저통 안에서 수저 5개 꺼냈는데
밥풀 붙은 수저만 3개 나왔네요.
먹기 전부터 비위..."
3.0,2021.10.28.,그렇게 기다려서 먹을 정도는 아니지만 기본은 하는 감자탕 맛. 백점짜리는 아니지만 딱히 형편없지는 않은 서비스. 터무니없는 수준은 아니지만 좀 비싼 느낌의 가격. 전체적으로 평타이상.
1.0,2021.10.27.,"머리카락 나옴....
주차장이랑 연결되어 있어서 차량 매연이 가게 안으로 다들어옴.
노포집이 아닌데도 불구하고 청결하지 못함
맛..."
4.0,2021.10.22.,냄새 안나고 그냥 깔끔한 맛 그렇게 맛집인건 모르겠음..?
5.0,2021.09.14.,"1인석 따로 있으며 저녁에도 식사 메뉴 가능합니다!! 
원래 먹으려 했던 뼈해장국 집이 점심특선이라.. 추천받아서 가게 됬는데 만족..."
4.0,2021.07.31.,마시땅 딱 주민맛집 사람 짱많아영
2.0,2021.07.19.,"생각보다 흔한 감자탕 맛이욤.
맛이 없는건 아닌데 특별한 맛은 모르겠는 맛. 
창가에 앉았는데 창문을 열어둬서 외부 공기 들어와서 더웠고요.
계산 하면..."
1.0,2021.07.18.,"SBS방영 맛집이라 갔다가, 최악을 경험했습니다. 홀 가운데에 얇은 칸막이 바로 뒤, 좌측으로 연결된 식품창고  및 우..."
4.0,2021.05.11.,"맛있고 고기도 많이줘요
근데 발라먹기 귀찮고 좀 정신없어서 안가게돼요"
4.0,2021.04.16.,맛도 대박 양도 푸짐
3.0,2021.04.04.,엄청 줄을 서기에 궁금해서 방문했습니다. 고기가 실하기는 한데 부드럽지 않고 좀 퍽퍽했습니다. 양념장이 독특한데 맛있었어요.
4.0,2021.01.29.,"자주 가긴했는데 감자탕은 한 번도 안먹어보고 식사메뉴(감자국)만 늘 먹었음.

어떨..."
1.0,2020.09.29.,사람 많이 오니까 종업원 서비스 같은거 신경 안써도 돈 잘버실듯
1.0,2020.09.24.,솔직히 맛잇는거 1도모르겟다;;;;
2.0,2020.08.09.,주변에 늦은시간까지 영업하는 곳이 없어 들리는 가게. 이 곳에서만 느낄 수 있는 맛이 아닌 평범 무난한 맛.
4.0,2020.08.07.,"맛있는데..
앉기도 전에 주문하라고 몇번을 재촉하셔서 별하나 뺐어요"
1.0,2020.07.25.,"고기도 맛있지않고 양은많아보이는데 실제로 뼈가 더많았고 뭐그렇게 줄서먹을만큼의 메리트없는 그냥그저그런맛.. 김치가맛있는것도아님
그리고 우거지도 정확히 세개 들어있었고 감자 한개반,, 이외의 건더기는..."
4.0,2020.07.01.,"감자탕 맛은 핵 인정
공간이 불편하고 대기가 길다는거 아쉽"
4.0,2020.04.30.,"고기양 아주 좋고 가격 착하고
다시한번 와볼만한집"
1.0,2020.03.02.,"감자탕 맛있게 잘 먹었습니다만.!!!!!!
먹다가 굉장히 황당한 일을 겪었습니다.
젓가락질을 하던 오른손에서 젓가락의 쇠가루(?)가 묻어 있는 거..."
4.0,2020.01.13.,국물도 순해서 조미료맛이 덜 납니다. 뼈 분리가 안되는 단점이 있지만 손으로 직접 떼어주는 수제비!! 수제비 맛집입니다. 밥보다는 수제비 강추. 포장도 해갔는데 깍뚜기에 소스까지 포장해주셔서 절 막었습니다. 아쉽다면 그 넓은 곳에 화장실에 작다는 것!!
5.0,2019.11.13.,퇴근길 냄새에 이끌려 들어갑니다.. 고기 살이 너무 많아서 발라먹다 지쳐여..
3.0,2019.06.12.,사람이 많고 회전은 빠르지만 위생은 좀 안 좋은 것 같다
4.0,2018.12.17.,2016년 6월25일 SBS 백종원의 3대천황에 방영된 감자탕 맛집입니다. 그래서인지 사람들이 북적거리는 곳입니다. 본관 옆에 별관도 마련되어 있습니다. 사실 감자탕은 크게 특별한 맛이라기보다는 고기가 ...
3.0,2018.10.14.,"감자탕 (소) 둘이서 먹기 딱 좋다.
라면사리 하나 추가하고 배부르게 먹어서 볶음밥 못 먹음 ㅠ
손님이 많을 땐 직원분들이 ..."
5.0,2018.07.21.,소문날만하군
3.0,2017.11.07.,그냥 그래~찾아가서 먹을만 하진 않아~
2.0,2017.10.02.,"엄청엄청 기대하고 갔는데, 
고기는 좀 질기고.... 국물이 깔끔하긴 했어요 ㅠㅠㅠ 아쉬워요 ㅠㅠㅠㅠ"
5.0,2017.05.08.,감자탕 (소)
5.0,2016.07.16.,"어렸을때 먹던그맛 직원들 모두친절
맛도최고 주차장이 없다는게 흠"
3.0,2016.07.15.,"삼대천왕 나온 우거지 감자탕 
그냥 흔히 아는 감자탕 맛임
여기보다 삼대천왕 방영된 광화문 할매집이 훨씬 맛나당"
4.0,2026.07.18.,"고기가 진짜 부들부들 연하고 맛있을때가 있고, 고기가 딱딱하고 질겨서 고기뜯다가 손에 쥐날뻔한적도 있다.  줄서서 먹을정도는 아니다. 근처에 먹을데가 워..."
4.0,2026.07.16.,훌륭한 감자탕.
1.0,2026.07.14.,맛없기로 소문난듯
1.0,2026.07.13.,기본이 되어있지 않다
1.0,2026.07.07.,"추천받아 간 집인데, 콜라가 맛있음

질긴 우거지, 고기도 좀 더 야들히 익었으면 좋겠다. 국물도 좀 밍숭맹숭함.

같이간 ..."
2.0,2026.07.01.,그냥 그래여 기다려서 먹을정도 아니고 지나가다 감자탕이 너무 먹고 싶은데 근처에 여기밖에 감자탕집이 없다 하면 먹을 정도... 맛 없진 않은데 이가격에 먹을 정도도 아닙니다;; 기다려서 먹으면 솔직히 맛없다고 할 정도 ㅠ ...
4.0,2026.06.30.,왜 짜다는 후기가 있는거지? 안짬. 국물 진함. 볶음밥도 슴슴함. 그래서 맛이 있냐하면 난 맛있었음.
2.0,2026.06.30.,동네 감자탕집들이 훨씬훨씬 맛있음
2.0,2026.06.25.,"양은 괜찮고 국물도 진해요.
근데 너무 짜요.. 특히 시래기는 하루종일 물 마셔야될 정도로 짜요."
1.0,2026.06.24.,"외국인들은 몰라도 방문하는 한국인들은
지능이 의심됨 맛있다고 가스라이팅당하셨나"
2.0,2026.06.14.,수제비 반죽 신경 좀 쓰세요
2.0,2026.06.10.,🤔
3.0,2026.06.07.,한번쯤은 유명하니까 먹어도 괜찮을듯..? 두번 세번은 동네 감자탕집 가도 충분. (특출난 맛이 안남) 그래도 한번쯤은 경험으로 좋음
2.0,2026.06.06.,딱 동네 감자탕맛 웨이팅 할정도는 절대 아님
1.0,2026.05.26.,"고기가 걍 간이 하나도 안베인 허연 삶은고기나 다름없음. 개 개 개개개 노맛 
이게 무난한 감자탕맛이라면 혀에 축복받은 사람👍👍
옛날엔 새벽에 해장하러가..."
1.0,2026.05.24.,안경남자분 왤케불친절하세요 ㅠㅠ 입맛떨어질만큼
1.0,2026.05.18.,"진짜 불친절함.
기다리다가 별관 안내받고 갔는데
안내하는 직원이 짜증내면서 여기 아니라고 한국인인데 말..."
2.0,2026.05.04.,가격에 비해 너무 뻑뻑함
1.0,2026.05.01.,불친절에 위생도불량 맛도없고 다시는 안갑니다 별 하나도 아까워요
1.0,2026.05.01.,불친절
2.0,2026.04.27.,밍밍한 느낌
3.0,2026.04.23.,"웨이팅 할 정도 까진 아니고 
그냥 지나가다 줄 없으면 먹을만 한 곳. 
수제비사리 필수"
2.0,2026.04.20.,왜지....뼈가 갯수는 많은데 자잘하고 살코기가 많지 않음 국물도 평범하고 부재료가 많이 들어간 것도 아니고 친절하지도 않고 ㅠㅠ
1.0,2026.04.19.,종업원이 매우 매우 불친절 하고 까칠해서 기분 좋게 놀러나와서 갔다가 기분잡칠수있음
1.0,2026.04.08.,종업원이 입에 욕을 달고 사는듯...너어어무 기분이 나빠서 이제는 못가겠음...이제는 동네 맛집도 아니고 맛도 없어짐....너무 눈치보게하고 안간다고 욕하고 빨리 따라오라고 욕하고 느리다고 욕하고 사람 밀...
2.0,2026.03.25.,맛없으 왜 줄서는지 노이해. 광화문 뚝감이 짱..
3.0,2026.03.16.,무난한 감자탕인데 너무 유명해서 웨이팅을 엄청 하다보니 기대감만 너무 높아짐ㅠ
1.0,2026.03.15.,"왜 유명한지 모르겠어요 그냥 관광객 명소 된 느낌이고
먹고있는데 뒤에 손님 빨리 받으려고 자꾸 치우려고 하심 ㅎㅎ 국물도 밍밍하고.. 졸여서 먹고싶어서 온도 올리면 자꾸 와서 다시 내림 볶음밥도 싱겁고 그냥 동네 감자탕이 더 맛있어요"
1.0,2026.03.07.,"웨이팅 있는건아는데  왜케 다 먹었으면 정리하겠다고 3번씩이나 중국직원이 와서 말하는지 몰르겟네요.
저희도 웨이팅 하다가 들어왔는데 친구가천천히 먹고 ..."
1.0,2026.03.04.,"진짜 정말 그냥 관광객빨. 절대로 줄 설만한곳 아닙니다. 특히 김치가 정말 너무 맛없어요. 
외국인들이 여기가 한국의 맛이구나 할걸 생각하면
속이 뒤집힐정도……"
1.0,2026.03.03.,"왜 이렇게까지 줄을 서는 맛인지는 아직도 의문
정말 평범한 감자탕 맛이에요
줄서서 먹으면 오히려.. ..."
2.0,2026.02.24.,리뷰 보면 알겠지만 점원 태도 신경 안쓰는 편이지만 이 집은 개선이 좀 필요해보임 맛은 그냥 맛있는 감자탕임
3.0,2026.02.23.,"예전보다 양 적어진듯 맛은 있어요
공기밥 2000원인게 아쉽
직원들 바빠서인지 잘 안옴"
1.0,2026.02.21.,"웨이팅 포함해서 1점
맛도 서비스도 위생도 어느것 하나 만족스러운 것이 없음"
1.0,2026.02.19.,밥먹는데 직원들끼리 큰소리내면서 싸우고 다 안먹었는데 치운뒤로는 이제 안갑니다
5.0,2026.02.09.,"찾아올 맛은 아님. 그냥 다른 곳이랑 비슷함
인근거주한다면 포장 추천 양많음"
1.0,2026.02.08.,카운터 주인할머니는 싸가지 그렇다 쳐도 사장이 그러니까 밑에 조선족애들도 겁나 싸가지없네 진짜 ㅋㅋ맛도 갈수록 그냥 밍밍한 빨간물이고 뚝배기를 사람 앞에 안두고 그냥 테이블에 쳐 던지고가면 먹으라는거냐 보고있으란거냐 도대체? 다신 안간다 진짜로 ㅋㅋ
2.0,2026.01.30.,"옛날에 비해 너무 너프된느낌 ...
아쉽네요"
3.0,2026.01.27.,걍 ㄱㅊ은 감자탕집인데 성수에 바가지안쓰고 밥다운밥먹을데가 여기말고 딱히없음 줄 개빨리빠지니까 걍 여기서먹으셈
2.0,2026.01.26.,"흔한 감자탕집 맛입니다
근데 직원분들이 전반적으로 화가 나 계셔서 
가만히만 있어도 눈치가 보여요 ㅠㅠ..
수저 좀 주실수 있냐 했더니 “메..."
1.0,2026.01.25.,감자탕 기본에 한참 모자란데 유명해서 유명한 집
1.0,2026.01.12.,위생 최악에 맛도 그냥 그래요.. 직원들도 불친절하세요
1.0,2026.01.03.,"고기 부드럽지 않음
뼛가루 너무 많음
대자에 뼈 6개;;
맛없음.. 우리 집 근처 할머..."
4.0,2025.12.29.,다들 줄서서 먹을꺼 까진 아니다 하는데 막상 다른데 어디가 더 맛있는데? 물으면 아무도 답을 못한다 ㅎㅎ 왕십리 맛집도 성시경이 가서 줄서대고 갈집이 없다
1.0,2025.12.21.,진짜 맛업슨ㅜ 나오는길에 줄서는 사람들 다 말리고 싶은맛
1.0,2025.12.20.,국물은 너무 싱겁고 소스는 와사비맛 나고 우거지도 조금들었고 뼈에도 살이별로 없고 가격도 비싼편이에요
2.0,2025.12.19.,음 숟가락에 고춧가루같은 소스가 묻어있어서 바꿨는데 또 묻어있어서 또 바꿨구요 제대로 된 안내가 없어서 바로 먹어야 되는 건지도 모르겠고 사람이 너무 많아서 다 먹고 조금만 앉아있어도 자꾸 쳐다보세요 잠깐 얘기하는데 다 먹었냐고 물어보시더니 그냥 ...
1.0,2025.12.16.,"맛이나 친절은 개인차가 있을 수 있다고 생각하기 때문에 따로 적지 않겠습니다만
위생은 확실히 문제가 있어요....
콜라 시켰는데 컵에 고춧가루랑 얼룩 있..."
4.0,2025.12.16.,"가성비 좋은 곳이지만 줄 설 정도는 아니라고 생각..
늦은 저녁엔 추천해요"
2.0,2025.12.15.,그정도 아니에요..
1.0,2025.12.14.,처음먹어봤는데 여자친구랑 먹고 몇시간뒤에 둘다 토함. 이유는 모름.
1.0,2025.12.14.,"정말 최악 이네요 어떻게 관리 하시는 거죠?
맛은 그렇다 쳐도 사람 밥먹으러 왔는데 
먹기 전에 기분 나..."
1.0,2025.12.13.,여기 관광객들 등쳐먹는 느낌임ㅋㅋㅋ조선족 아줌마들 메뉴판 볼 시간 안주고 감자탕 대중소???어떤거??이러고 외국인들은 전부 감자탕시키게함ㅋㅋㅋ한국사람이면 속지말고 감자국(식사) 일반/우거지중에 시키셈ㅋㅋㅋㅋ가격차이남ㅡㅡ기분 개더러워짐
1.0,2025.12.13.,약간 헛소문? 헛소문이 난거같네요
3.0,2025.12.07.,불친절 그러나 먹어보면 준수한 맛
1.0,2025.12.05.,"다시는 경험하고 싶지 않은 불친절
기분 좋게 밥 먹으러 와서 웨이팅까지 했지만
아주머..."
1.0,2025.12.04.,"혼자 밥 먹으러 왔는데 왜인지 모르겠는데 대기 시켜두고 계속 다른 팀 먼저 들여보내주더라고요
추워도 금방 빠지길래 기다렸는데 앞에 4팀이 가도 안 부르는 거 보고 그냥 나왔습니다 ㅋㅋ
혼자 드실 분들은 참고하세요"
1.0,2025.12.04.,직원들 불친절 최악 ㅋㅋ 이럴 거면 줄서서 왜 기다리나요 지들 맘대로 순서 정할 거면 안그래도 추워죽겠는데 열받아서 나왔어요
1.0,2025.12.02.,"불친절,위생 다 떠나서 맛이 너무 없음 .. 동네 기본 감자탕 맛도 못 따라감 간이 너무 슴슴함 진짜 짜증나서 먹다가 나옴"
1.0,2025.11.28.,"고기 뻣뻣해서 먹기 힘들고 직원들 불친절하고 매장 더럽고 전체적으로 간이 슴슴해요
최악..."
1.0,2025.11.25.,아 평점 믿을걸..
2.0,2025.11.25.,".....유명하다고 하는데 평점이 왜이럴까 했는데
역시 믿고 보는 카카오맵 리뷰"
2.0,2025.11.23.,고기 뻣뻣하구 국물은 평범해요. 옛날엔 고기가 더 부드러웠대요~
2.0,2025.11.22.,소주 2병.
3.0,2025.11.21.,걍 그런데 왜 줄서서 먹는건지
2.0,2025.11.19.,"직원이 불친절해서 제법 불쾌합니다~
그릇도 던지시고 대답도 없고 앉아있는 의자 몸으로 치고 갑니다.
음식도 비위생..."
2.0,2025.11.17.,맛없는데..
3.0,2025.11.13.,포장만해서 먹어요
5.0,2025.11.13.,"6번 정도 왔던 것 같음
정말 맛있는 감자탕 맛임
사실 감자탕이 거기서 거기 아니겠냐마는..."
1.0,2025.11.08.,최악의 악. 한가한 시간에 가도 손님 아는척도 안하다가 주문 안하냐고 화냄. 외국인관광객들 많던데 내가 다 부끄러울 정도의 위생과 맛. 위치빨
1.0,2025.11.02.,"존1니 싸가지 없어요 손님 때리고 소리 지름
본인 바쁘고 힘든 거 손님한테 ○○○○로 푸는 곳 ^^

친..."
1.0,2025.10.23.,"맛 변했음.
도때기시장.
중국인 천지"
4.0,2025.10.17.,"전반적으로 몇십분씩 기다려서 먹을 정도는 아니구요..
1. 고기 찍어먹는 소스(양파,고추 들어간)
2. 수제비 시키면 직접 손으로..."
1.0,2025.10.09.,불친절로 소문나긴함
1.0,2025.10.05.,직원분이 정말 싸가지가 없네요 항상 사람 많고 웨이팅 있어서 궁금해서 왔는데 다시는 안오고싶네요
4.0,2025.10.03.,"줄이 길어도 웨이팅 금방 빠져서 좋아요
감자탕 자체의 맛은 무난한 느낌인데 찍어 먹는 소스 맛이 미쳤어요"
4.0,2025.10.02.,"감자탕 이집만 갔었는데,
웨이팅 때문에 못가요…
시스템을..."
3.0,2025.10.02.,"소문만큼 그렇게 맛있지 않고,친절하지도 않아요"
1.0,2025.09.30.,"일단 직원분 싸가지 없음. 맛있다고 해서 나름기대도 하고, 뭔가 감자탕계의 랜드마크 맛 아닐까 생각하고 갔음. 하지만 국물은 떫고 밍밍한 맛이었음. 거기다 묘하게 쓴맛도 남. 그리고 고기 누린내 나고 고기는 푸석함. 그래서 먹다가 밥도 대부분 남기고 나옴. 앞으론 다시 갈일 없을듯."
3.0,2025.09.30.,"예전엔 맛잇어서 줄서서먹엇는데 다시가니까 입이 엄청 텁텁하고 고기 질이 별로예요,,, ㅠㅠ"
4.0,2025.09.30.,자극적이지않고 담백하니 너무 좋네요!
2.0,2025.09.18.,"걍 맛 평범함 국물 밍밍하고 기대한것보다 별로임..
오이 더 달라했는데 고추 갖다주심..여기 줄서서 먹을바엔 걍 동네 감자탕집 감"
1.0,2025.09.17.,"감자탕 먹는데 웨이팅하는 것부터 좀 킹받지만 참고 기다렸는데
고기가 상한건지 쓴맛나고 맛이 없어서 몇숟갈 제대로 먹지도 못했고 양은 양대로 적고 감자탕 2인분에 가격도 꽤나 하는데 우거지는 ..."
2.0,2025.09.16.,중~하 정도의 맛 .. 대기 안하고 먹었는데 중하였음 밍밍한데 물이 자꾸 땡기는 맛이라 신기
4.0,2025.09.15.,진짜 너무 맛있어요 수제비사리 는 꼭 입니다
3.0,2025.09.15.,주말 11시쯤 방문했고요. 웨이팅 꽤 있었으나 일행이랑 다 같이 있었어서 운좋게 바로 입장했습니다. (일행 다 안왔으면 뒷사람한테 차...
2.0,2025.09.12.,"솔직히 줄서서 먹을정도는 아닌거 같은데., 
공기밥 2천원은..."
3.0,2025.09.12.,"흐으음.... 수제비때문에 감자탕을 먹어야되나
맛 자체는 뚝배기로 나오는게 더 맛있는 느낌
근데 줄서서 먹을만한 곳인지는 잘 모르겠습니다"
3.0,2025.09.11.,"기대를 하지 않았지만 큰 기대를 할 필요 없었던 곳
정말 무난한 감자탕이지만 너무 번잡해서 불편했다
다만! 감자탕 특유의 조미료향이 더부룩하게 남는 경우가 많은데 여기는 깔끔했다"
4.0,2025.09.11.,중국인들만 가득함
2.0,2025.09.10.,"서비스별로임. 위생 의심되는 수준.
중국인 일본인이 더 많은느낌. 양은 많은 것 같지만 12000원 일반 감자탕 가격이라고 ..."
3.0,2025.09.09.,소문이 왜 났을까
1.0,2025.08.26.,"극 평범한 감자탕 .. 웨이팅 없이 들어와서 다행이지 
기다렸으면 화날뻔 .. 
걍 감자탕 맛이에요 무난무난 극무난 
직원분들이 아무런 대..."
4.0,2025.08.23.,맛집 인정
1.0,2025.08.21.,"진짜 외국인들한테 제발 여기만은 가지말라고 뜯어말리고 싶은 곳. 
성수동 갈 때마다 사람들 줄 서있어서 얼마나 맛있을까하고 호기심에 가봤으나 식당이 화를 불러 일으키게 만드는 재주가 ..."
2.0,2025.08.15.,"약간 맑고 심심한 맛
웨이팅 값어치는 없어요, 근데 뼈해장국 비조리로 포장하면 가성비는 괜찮은듯해요"
1.0,2025.08.14.,"먹고있는데 계속 왔다갔다하면서 다 먹은거냐 물어보고
맛도 ..."
1.0,2025.08.11.,"맛있는 음식을 찾아 땡전을 꼬나박고 있는 중생들에게 뼈해장국 찐 맛집을 알려주마..
진짜 맛집은 경기도 광주 시..."
3.0,2025.08.07.,"맛있긴 한데 특별한 맛은 아니에요!
근데 무엇보다 감자가 한알???ㅠ;;;실화?? 심지어 애기 주먹만함ㅜㅜ 시래기도 너무 적어요!!!!😡"
4.0,2025.08.07.,구수하면서도 시원. 연한 고기와 시래기의 조합 굿.
1.0,2025.08.06.,왜소문남?
5.0,2025.08.06.,"뭔가 디게 구수하고 담백하고 맛있음
난 이상하게 감자국이 더 맛나게 느껴져서 감자국으로 먹지만 여럿이면 전골로 해야 쫄깃한 수제비 먹을수 있다는 점"
2.0,2025.08.01.,줄서서 먹을 정도는 아니고 솔직히 감자탕보다 뚝배기 해장국이 나아요 저녁 시간에는 인당 주문한다고 해도 감자탕 대자 강요하더군요 수제비가 별미갔지만 그냥 그래요 뚝배기 해장국은 추천 감자탕은 비추네요
5.0,2025.07.31.,"2025년 07월 31일 - 새벽 2:30

야~~~~ 그놈
솔직히 말씀드리면, 너무 시끄려워
이곳이 술을 함께 파는 음식..."
1.0,2025.07.30.,왜소문난거임?. . 뻑살 좋아하면 좋아할수도..
1.0,2025.07.24.,반찬 재활용하시고 맛도 평균 이하에요.......
2.0,2025.07.22.,고기는 먹을만한데 국물이 많이 짜고 우거지가 질기다
3.0,2025.07.18.,기대가 컸는데 그냥 평범한 맛이였습니다. 오히려 가게가 너무 바쁘고 사람이 많아서 굳이..?
2.0,2025.07.15.,"짜다는 후기가 있던데 내껀 싱거웠던걸 보니 간이 들쑥날쑥 관리가 안되는건가 싶다. 
한국인보다 외국인이 많이 오던데 기왕 관광온거 맛있는거 먹고 가면 좋을려만 쨔끔 아쉽다"
1.0,2025.07.13.,"나만 그런게 아니었네 뼈를 어케 관리하는지 모르겠지만
뼈도 안갈라지고 살도 안발리고 총체적 난국구루국국임
옆에서 우마이우마이하며 먹는 일본애들이 애처로워보였음다"
2.0,2025.07.08.,"소문난집에....솔직히 그저 평범하고, 고기는 많으나 잘 뜯기지도 않고..."
3.0,2025.07.07.,웨이팅할정도 맛은 아닌데 관광코스가된듯ㅎ
1.0,2025.07.01.,"오랜만에 가봤는데, 손님이 엄청 많아졌네요.
그 탓인지 주문량이 많으니 간이 하나도 베어있질 않네요.
정말 밍밍..."
5.0,2025.06.30.,"미친 개맛있는 감자탕
근데 공기밥 2000원은 좀 개빡치긴함"
4.0,2025.06.30.,넘 많은 방문인들로 인해 불편함
5.0,2025.06.27.,전.. 맛있던데….츄룹
1.0,2025.06.25.,"양 많은 건 인정. 근데 위생이 전혀 믿음이 안 가서 이제 안 갈 예정. 본관 사람 풀이라 바로 별관으로 갔는데, 그냥 지나가는 통로에 놓여져 있는 빨간육수 가득 들어 있는 큰 통들 널부러져 있고.. 그때부터 어? 이건 좀 아닌데 싶었음. 저렇게 아무렇게나 사람들..."
4.0,2025.06.21.,"저는 친절하고 양도 많고 맛있었어욤
고기도 부드럽고!
근데 원래 그..."
3.0,2025.06.21.,"맛은 그냥 배달 감자탕이랑 크게 다를 거 없음
회전율은 되게 빠름
뭐 접대 나는 바쁠 때 아니었어서 그런가 문제 될 건 없었어서 3점"
1.0,2025.06.21.,굳이 너네 아니어도 외국인 관광객들 많이 와서 장사 잘된다 이런 마인드인지 불쾌하게 응대함. 심지어 한국어 모르는 외국인 관광객들에게 의사소통 안되니 짜증냄.
1.0,2025.06.18.,"리뷰 첨 써보는데 여기 직원분들중에 피부 어둡고 키 작으신분,,다른 손님이랑 카운터에서 막 싸우시고 저희 테이블 결제할때 보니까 말투나 태도 그냥 싸우자는투였어요. 맞는 일 찾아서 하세요. 남들 피해주지마시고. 맛, 가격 다 별로였음 그냥 가지마세요."
1.0,2025.06.16.,대체 왜 인기 있는지 모르겠는 집
3.0,2025.06.15.,"성수 위치 때문이지 가격에 비해 양은 많지 않는건 이해하지만 맛은 그냥그럼 

동네에 아무 감자탕 가는게 나..."
3.0,2025.06.14.,"주말인데 사람도 많지 않았고 그런데도 직원들 빨리빨리 호들갑떠는것 보니 슬슬 거품 꺼지는구나 싶음
고기도 퍽퍽하고 양도 엄청많은지도 모르겠고 가격도 비싸고 수제비가 4천원임
솔직..."
2.0,2025.06.09.,"유명해서 기대했는데 감자탕치고 너무 느끼해서 실망..맛이랑 별개로, 별관으로 안내받았는데 입장하자마자 맛있는 음식 냄새가 아니라 대걸레 냄새같은 불쾌한 냄새가 나서 기분이 좋진 않았어요.."
3.0,2025.06.04.,"갈라다가 리뷰보고 안갑니다, 사이즈가 외국인 온리 간판 붙여야될거같은데요, 호구들 소리질러,"
1.0,2025.05.24.,물가 올라서 감자탕가격 올린건 이해되는데 공기밥2000원 300원짜리 라면사리 3000원 공기밥에 김가루 뿌려주는 볶음밥 4000원 가격 선넘음 욕나온다
5.0,2025.05.24.,뚝배기 넘 맛있음!!
2.0,2025.05.22.,줄 서서 먹을 곳은 아닌 거 같음.
1.0,2025.05.18.,"너무 노맛
뼈 덜삶아서 떨어지지도 않음"
1.0,2025.05.18.,"정말 냄새 나고 맛 없습니다
서빙하시는 아줌마들 불친절합니다..."
1.0,2025.05.17.,"소문났어요!
맛없다고 소문났어요 가지 마세요 ㅠㅠ
냄새 엄청 나고 직원들 불친..."
3.0,2025.05.11.,"맛도 평범하고 크게 특별한 곳이 없는데 왜 유명한지 모르겠어요
사람도 너무 많고 좌석 간격이 좁아서 직원분들 감자탕 냄비 서빙할 때마다 불안하고 의자에 걸어..."
1.0,2025.05.06.,맛없기로 소문난 감자탕! 맛없고 가성비 별로고 위생도 별로인데 김치는 중국산 근데 불친절해! 이렇게 별로인데를 줄서서먹으면 땅을 치고 통곡할듯
1.0,2025.05.06.,사람수에 따라 감자탕 사이즈가 정해져있고 시끄러워요
1.0,2025.05.02.,"불친절에 맛도 그냥그래~ 원산지 표기가 없어서! 
계산할때 김치어디꺼냐고 물어봤떠니..
((((..."
1.0,2025.05.02.,복잡고 맛 없습니다.
3.0,2025.04.27.,슴슴한 맛 개인적으로는 호. 고기 양은 많은데 질김. 감자탕 고기가 질길 수 있구나 라는걸 처음 알았음. 분위기 매우 시끄러움. 주차는 편함. 뭘 먹다가 돌이 있는건지 아작 하는 소리가 남. 참 애매하다
1.0,2025.04.23.,"맛없기로 소문났나
노맛"
2.0,2025.04.20.,왜케 맹탕이지 밍밍해요
5.0,2025.04.17.,줄 길어도 금방 빠짐 수제비 필수
1.0,2025.04.12.,"예전에 방문했었을때 괜찮았어서 재방문했는데요
너무너무 실망했음.......
어째서........ 감자탕 특유의 칼칼한맛 매운맛 하나도 ..."
1.0,2025.04.11.,여기를 왜 줄서서 먹는지 잘 모르겠습니다…
1.0,2025.04.08.,"아줌마 개불친절. 손님이 자기보다 젊다고 아래로 보는듯. 말하는 게 굉장히 무례함. 
그리고 맛은 싱겁고, 고기양도 별로 없고 질기기까지한 감자탕임. 
왜 이정도로 유명해지고 줄도 ..."
1.0,2025.04.04.,그냥 평범 혹은 그 이하
5.0,2025.03.27.,맛있어요
1.0,2025.03.26.,"별관에서 식사 / 고기도 퍽퍽하고 대충 자른 티 남
고기 떼기어려워서 비닐장갑 요청하고 먹음(그래도 잘 안발라짐..) 외국인 관광객이 많아 그쪽 신경쓴다고 불친절함. 그리고 가..."
1.0,2025.03.26.,난 진짜 모루겠음.. 그냥 평범..어쩌면 그 이하
1.0,2025.03.22.,"이걸 왜먹는거임….?
가격에 비해 양도 없고 맛도없고 고기도 질기고;
돼지냄새 심하고 고기는 퍽퍽하고 뼈에서 잘 떨어지지도 ..."
1.0,2025.03.17.,"그래도 2년인가 3년전에는 먹으면 오 그래도 명성 있을만 하네 정도였는데

이젠 왜 안망하는..."
4.0,2025.03.15.,성수동이 뜨기전엔  참 괜찮은 맛집이었는데  최근 2번  같는데  영  그전 맛이  아니더라구요  그데  오늘 25.03.15 사장님께실때  모처럼  방문했는데 역시  그옛날만  그대로  아주 진득한  맛이 ...  굿굿.....
3.0,2025.03.14.,"딱히 특색 없는 맛+도떼기시장(정신 하나도 없음)
멀리서 굳이 갈 필요 없습니다. 마포구에서 여기까지 가본 후로, 감자탕 땡기는 날에 저는 동네 조마루 갑니다."
5.0,2025.03.10.,"맛있어서 웨이팅한게 아깝지않았음
수다떨면서 느긋하게 먹을 분위기가 아니라 후루룩 먹고 빨리빨리 나가줘야하는 분위기라 그런지 줄 되게 길었는데 생각보다 금방 들어감 회전율 빠름"
1.0,2025.03.10.,왜 많이가는지 전혀 모르겠다
1.0,2025.03.08.,"줄이 길게 서있길래 맛집인줄 알고 먹음
그런데 경험해보니 최악 중에 최악
짧게 말하면 맛도 드릅게..."
1.0,2025.03.07.,"절대 다시 가고 싶지 않음
뼈에 잘은 살만 붙어있고...
안뜯어지고....."
4.0,2025.03.04.,맛있네요 근데 기달는데 좀 추우
1.0,2025.03.04.,"I've been living in Korea for almost 10 years and this is my first time at a Korean restaurant like this. 
Whenever they see forei..."
3.0,2025.03.02.,영등포역 앞 스탠그릇에 뼈다귀 팔던 그 맛
2.0,2025.02.20.,소문난 집에 먹을 것 없다
5.0,2025.02.08.,포장으로먹으면 갸꿀 바로담아서주십니다
3.0,2025.02.06.,"평일엔 의외로 웨이팅 안 김
평상시엔 줄을 뭐같이 서있는 집이라 일부러 가서 먹어봤는데, 평범하다고 할 맛은 아님. 양이 많고, 고기 부드럽고, 막 자극적이지 않아서 충분히 맛있는 집. 그렇다고 평소 그 ..."
4.0,2025.02.03.,뭐랄까.. 장사가 잘 되어서 재료도 다 신선하고 수제비 같은 걸 시켜도 냉동 안 쓰고 직접 떼주시고 하여간 괜찮다! 다만 찾아갈 만한 ...
5.0,2025.02.01.,웨이팅이 길었지만 끓일수록 맛있었음
4.0,2025.02.01.,"평범한줄 알았는데, 다른 뼈다귀집 가니까
고기가 질겨서 안뜯김... 여기정도면 상급이다."
5.0,2025.01.30.,"맛에 비해 줄이 길다고는 생각하는데
어차피 줄은 금방빠져서 금방먹을수있구요
맛있고 술마시기 좋아요"
1.0,2025.01.30.,"주변에 오픈한 식당이 없어 예전부터 맛이 별로라 생각않고 갔지만,
종업원 불친절하고 청결한 느낌은 없으며,
소문난 특별한 맛은 없고,
..."
4.0,2025.01.29.,무난히 맛있는 감자탕 근데 웨이팅할 맛은 아님 근처 다른 감자탕집이랑 차별점 없음
3.0,2025.01.27.,그냥 진짜 평범한데... 특별히 맛있지도 않고... 왜 유명할까요? 태어났을때부터 성수동 살았었는데 방송 나오기전엔 간적도 없음...
3.0,2025.01.25.,절.대. 기다릴정도 아닙니다. 동네 감자탕집 더 맛있는 곳 훨씬 많아요.
3.0,2025.01.22.,"삶은정도가 약해서 살이 잘 안뜯어짐. 
감자탕은 평범. 
양념장이 맛있음. 황태집이랑 콜라보하면 대박날듯."
2.0,2025.01.17.,너무 불친절해서 맛있는지도 모르겠네요…
4.0,2025.01.16.,맛있음. 세상에서 제일 맛있는 감자탕은 아닌데 또 먹고 싶어짐. 수제비 존맛. 다음에 수제비 두번 추가할거임
2.0,2025.01.07.,"평범해요 맛이 정말로 평범
왜 줄서서 먹는거죠?"
